{
    "models": {
        "axis_1": {
            "slope": -1.1767285669287682e-07,
            "intercept": 0.7305420857437379
        },
        "axis_2": {
            "slope": 2.194203417428604e-06,
            "intercept": 3.5238858190124196
        },
        "axis_3": {
            "slope": -5.777185960381684e-07,
            "intercept": 2.7338978834565046
        },
        "axis_4": {
            "slope": 3.890034464727866e-07,
            "intercept": 0.6043568012838468
        },
        "axis_5": {
            "slope": 8.381177886041268e-08,
            "intercept": 0.9511027579170771
        },
        "axis_6": {
            "slope": 4.7444554719057983e-07,
            "intercept": 0.580077361896368
        },
        "axis_7": {
            "slope": 5.537186154202201e-07,
            "intercept": 0.8475626287465717
        },
        "axis_8": {
            "slope": 8.499988745963779e-08,
            "intercept": 0.09874786274985087
        }
    },
    "thresholds": {
        "axis_1": {
            "min_c": 4.324181714078029,
            "max_c": 6.486272571117043,
            "std": 2.1620908570390145,
            "mean": 8.597008297157898e-18
        },
        "axis_2": {
            "min_c": 13.759375601101292,
            "max_c": 20.63906340165194,
            "std": 6.879687800550646,
            "mean": 5.272831755590177e-16
        },
        "axis_3": {
            "min_c": 10.22363790841347,
            "max_c": 15.335456862620205,
            "std": 5.111818954206735,
            "mean": 3.2095497642722816e-16
        },
        "axis_4": {
            "min_c": 3.1497021818020046,
            "max_c": 4.724553272703007,
            "std": 1.5748510909010023,
            "mean": 6.304472751249124e-17
        },
        "axis_5": {
            "min_c": 4.200317042697365,
            "max_c": 6.300475564046048,
            "std": 2.1001585213486824,
            "mean": -1.1462677729543862e-16
        },
        "axis_6": {
            "min_c": 3.6308837311072293,
            "max_c": 5.446325596660844,
            "std": 1.8154418655536146,
            "mean": -8.883575240396494e-17
        },
        "axis_7": {
            "min_c": 4.33349109745256,
            "max_c": 6.50023664617884,
            "std": 2.16674554872628,
            "mean": -1.7767150480792988e-16
        },
        "axis_8": {
            "min_c": 0.8461307808415401,
            "max_c": 1.26919617126231,
            "std": 0.42306539042077007,
            "mean": -1.002984301335088e-17
        }
    },
    "global_config": {
        "T_seconds": 5
    }
}